{
  "index.php": 1776417285.894002,
  "router.php": 1776119453.2500293,
  "core/auth.php": 1776062883.4376516,
  "core/validator.php": 1776062883.4377692,
  "core/session.php": 1776062883.4377692,
  "auth/logout.php": 1776062883.436868,
  "auth/login.php": 1776062883.4365926,
  "auth/register.php": 1776062883.436868,
  "auth/process_register.php": 1776067595.6417117,
  "auth/process_login.php": 1776062883.436868,
  "config/database.php": 1776417285.9913762,
  "layout/header.php": 1776062883.438041,
  "layout/footer.php": 1776062883.4377692,
  "layout/navbar.php": 1776062883.438041,
  "scripts/clear_database.php": 1776091142.6065695,
  "scripts/verify_schema.php": 1776091237.8826208,
  "scripts/drop_tables.php": 1776091264.3510926,
  "scripts/migrate_database.php": 1776091192.7315311,
  "assets/js/validation.js": 1776062883.4365926,
  "assets/js/components.js": 1776062883.4363642,
  "modules/modul_7/index.php": 1776062883.4567947,
  "modules/modul_0/index.php": 1776062883.4382308,
  "modules/modul_8/index.php": 1776417285.9540021,
  "modules/modul_8/app/tailwind.config.ts": 1776114879.241702,
  "modules/modul_8/app/eslint.config.js": 1776068780.3395405,
  "modules/modul_8/app/vite.config.ts": 1776118897.0696762,
  "modules/modul_8/app/src/main.tsx": 1776417285.9534948,
  "modules/modul_8/app/src/App.tsx": 1776417285.9525557,
  "modules/modul_8/app/src/lib/utils.ts": 1776069347.3339107,
  "modules/modul_8/app/src/types/react-activity-rings.d.ts": 1776417285.9534948,
  "modules/modul_8/app/src/screens/Home.tsx": 1776417285.962002,
  "modules/modul_8/app/src/screens/ProgressScreens.tsx": 1776417285.9534948,
  "modules/modul_8/app/src/screens/SettingsScreens.tsx": 1776417285.9534948,
  "modules/modul_8/app/src/components/theme/ThemeProvider.tsx": 1776417285.952792,
  "modules/modul_8/app/src/components/theme/ThemeToggle.tsx": 1776417285.9530022,
  "modules/modul_8/app/src/components/navigation/tabBar.tsx": 1776417285.952792,
  "modules/modul_8/app/src/components/header/Header.tsx": 1776417285.962002,
  "modules/modul_8/app/src/components/ui/empty.tsx": 1776071695.599597,
  "modules/modul_8/app/src/components/ui/item.tsx": 1776071699.9863794,
  "modules/modul_8/app/src/components/ui/pagination.tsx": 1776071699.1024232,
  "modules/modul_8/app/src/components/ui/button-group.tsx": 1776071699.8233874,
  "modules/modul_8/app/src/components/ui/native-select.tsx": 1776071697.3215115,
  "modules/modul_8/app/src/components/ui/select.tsx": 1776071697.696493,
  "modules/modul_8/app/src/components/ui/sheet.tsx": 1776071699.7613904,
  "modules/modul_8/app/src/components/ui/checkbox.tsx": 1776071694.508651,
  "modules/modul_8/app/src/components/ui/carousel.tsx": 1776071699.047426,
  "modules/modul_8/app/src/components/ui/dropdown-menu.tsx": 1776071695.5515993,
  "modules/modul_8/app/src/components/ui/skeleton.tsx": 1776071697.8014877,
  "modules/modul_8/app/src/components/ui/input-otp.tsx": 1776071696.6745436,
  "modules/modul_8/app/src/components/ui/navigation-menu.tsx": 1776071697.372509,
  "modules/modul_8/app/src/components/ui/hover-card.tsx": 1776071695.6445947,
  "modules/modul_8/app/src/components/ui/avatar.tsx": 1776071648.5019767,
  "modules/modul_8/app/src/components/ui/scroll-area.tsx": 1776071697.613497,
  "modules/modul_8/app/src/components/ui/popover.tsx": 1776071697.4205065,
  "modules/modul_8/app/src/components/ui/progress.tsx": 1776071697.4615045,
  "modules/modul_8/app/src/components/ui/badge.tsx": 1776071648.591972,
  "modules/modul_8/app/src/components/ui/input.tsx": 1776071696.6285458,
  "modules/modul_8/app/src/components/ui/calendar.tsx": 1776071698.9724295,
  "modules/modul_8/app/src/components/ui/field.tsx": 1776071699.9083834,
  "modules/modul_8/app/src/components/ui/toggle-group.tsx": 1776071700.2023687,
  "modules/modul_8/app/src/components/ui/toggle.tsx": 1776071698.2724643,
  "modules/modul_8/app/src/components/ui/textarea.tsx": 1776071698.2064676,
  "modules/modul_8/app/src/components/ui/direction.tsx": 1776071694.6956418,
  "modules/modul_8/app/src/components/ui/alert-dialog.tsx": 1776071698.8864338,
  "modules/modul_8/app/src/components/ui/switch.tsx": 1776071698.0404758,
  "modules/modul_8/app/src/components/ui/breadcrumb.tsx": 1776071648.7189658,
  "modules/modul_8/app/src/components/ui/button.tsx": 1776071692.5287495,
  "modules/modul_8/app/src/components/ui/tooltip.tsx": 1776071698.7864387,
  "modules/modul_8/app/src/components/ui/combobox.tsx": 1776071700.6463468,
  "modules/modul_8/app/src/components/ui/label.tsx": 1776071697.1755188,
  "modules/modul_8/app/src/components/ui/drawer.tsx": 1776071694.7476392,
  "modules/modul_8/app/src/components/ui/menubar.tsx": 1776071697.2605145,
  "modules/modul_8/app/src/components/ui/separator.tsx": 1776071697.7504902,
  "modules/modul_8/app/src/components/ui/collapsible.tsx": 1776071694.5456493,
  "modules/modul_8/app/src/components/ui/card.tsx": 1776417285.9533176,
  "modules/modul_8/app/src/components/ui/input-group.tsx": 1776071700.095374,
  "modules/modul_8/app/src/components/ui/sidebar.tsx": 1776071700.460356,
  "modules/modul_8/app/src/components/ui/index.ts": 1776417285.9534948,
  "modules/modul_8/app/src/components/ui/sonner.tsx": 1776071697.9294813,
  "modules/modul_8/app/src/components/ui/chart.tsx": 1776071694.4546537,
  "modules/modul_8/app/src/components/ui/accordion.tsx": 1776071648.24699,
  "modules/modul_8/app/src/components/ui/context-menu.tsx": 1776071694.6376445,
  "modules/modul_8/app/src/components/ui/spinner.tsx": 1776071697.9884784,
  "modules/modul_8/app/src/components/ui/aspect-ratio.tsx": 1776071648.4069817,
  "modules/modul_8/app/src/components/ui/resizable.tsx": 1776071697.5574996,
  "modules/modul_8/app/src/components/ui/alert.tsx": 1776071648.3169863,
  "modules/modul_8/app/src/components/ui/dialog.tsx": 1776071699.7043934,
  "modules/modul_8/app/src/components/ui/tabs.tsx": 1776071698.1454706,
  "modules/modul_8/app/src/components/ui/table.tsx": 1776071698.096473,
  "modules/modul_8/app/src/components/ui/slider.tsx": 1776071697.8624847,
  "modules/modul_8/app/src/components/ui/radio-group.tsx": 1776071697.5075023,
  "modules/modul_8/app/src/components/ui/command.tsx": 1776071700.78434,
  "modules/modul_8/app/src/components/ui/kbd.tsx": 1776071696.7155414,
  "modules/modul_8/app/src/hooks/use-mobile.ts": 1776071698.8374362,
  "modules/modul_4/index.php": 1776062883.4567947,
  "modules/modul_12/index.php": 1776062883.4567947,
  "modules/modul_2/index.php": 1776062883.4567947,
  "modules/modul_11/index.php": 1776062883.4567947,
  "modules/modul_5/index.php": 1776062883.4567947,
  "modules/modul_6/index.php": 1776062883.4567947,
  "modules/modul_1/index.php": 1776417285.891915,
  "modules/modul_13/index.php": 1776062883.4567947,
  "modules/modul_10/index.php": 1776062883.4567947,
  "modules/modul_3/index.php": 1776062883.4567947,
  "modules/modul_9/farmasi.php": 1776417285.9429219,
  "modules/modul_9/analitik.php": 1776417285.9424565,
  "modules/modul_9/monitoring.php": 1776417285.9433677,
  "modules/modul_9/_sidebar.php": 1776417285.9335067,
  "modules/modul_9/index.php": 1776417285.943002,
  "modules/modul_9/jadwal.php": 1776417285.9433677,
  "modules/modul_9/dashboard.php": 1776417285.9426942,
  "modules/modul_9/rekam-medis.php": 1776417285.9437644,
  "modules/modul_9/screening.php": 1776417285.9439352,
  "components/components.php": 1776062883.436868,
  "components/preview/index.php": 1776062883.437413,
  "CLAUDE.md": 1776094437.6514199,
  "modules/modul_8/README.md": 1776068986.5239654,
  "modules/modul_8/app/README.md": 1776068780.3391836,
  "modules/modul_8/app/public/icons.svg": 1776068780.3408196,
  "modules/modul_8/app/public/favicon.svg": 1776068780.3404636,
  "modules/modul_8/app/src/assets/vite.svg": 1776068780.341523,
  "modules/modul_8/app/src/assets/hero.png": 1776068780.3410757,
  "modules/modul_8/app/src/assets/react.svg": 1776068780.341523,
  "modules/modul_1/assets/images/team-3.png": 1776417285.8916104,